nome,telefone,email,gasto,tipo
Giordano Poacher,894-418-0963,gpoacher0@1und1.de,7725,Premium
Ardene Callinan,473-854-8013,acallinan1@uiuc.edu,11401,Comum
Base Kesby,543-131-9345,bkesby2@exblog.jp,16408,Comum
Minor Blaszczynski,233-916-4811,mblaszczynski3@gmpg.org,9982,Comum
Silvester Vanyakin,882-917-9262,svanyakin4@bbc.co.uk,11314,Premium
Marne Okroy,913-205-5735,mokroy5@imdb.com,13516,Premium
Law Varley,245-834-5744,lvarley6@sitemeter.com,16099,Comum
Franklin Walkinshaw,252-444-7118,fwalkinshaw7@paypal.com,6043,Comum
Randolph Stainburn,572-507-0540,rstainburn8@chicagotribune.com,80,Premium
Caria Janicek,515-905-8293,cjanicek9@stanford.edu,6906,Comum
Emelia Henrie,499-738-8674,ehenriea@goo.ne.jp,17008,Premium
Hope Buzin,577-206-7793,hbuzinb@example.com,5774,Comum
Joanna McIlraith,535-307-6021,jmcilraithc@csmonitor.com,8561,Premium
Lemuel Goldes,261-130-2732,lgoldesd@liveinternet.ru,16351,Premium
Chantalle Folker,405-501-5907,cfolkere@cbslocal.com,16508,Comum
Dosi Weddeburn - Scrimgeour,601-393-2137,dweddeburnf@nyu.edu,16727,Premium
Shelby McCaughey,556-547-8599,smccaugheyg@bloomberg.com,17541,Premium
Sarita Scarrott,245-739-7354,sscarrotth@sciencedaily.com,11028,Comum
Rosamond Howsin,508-449-6813,rhowsini@unc.edu,11700,Premium
Laural Dolle,518-439-7355,ldollej@ask.com,5139,Comum
Gordie Tythacott,470-693-2916,gtythacottk@unblog.fr,15253,Comum
Star Kitchingman,202-170-7390,skitchingmanl@chronoengine.com,16429,Comum
Francyne Rogeron,721-783-1124,frogeronm@shutterfly.com,5811,Premium
Beverie Friedank,485-163-0795,bfriedankn@cpanel.net,8167,Premium
Ichabod Lis,353-292-6684,iliso@guardian.co.uk,17336,Premium
Elijah Haydney,250-361-5598,ehaydneyp@chronoengine.com,13106,Premium
Moreen Hobden,487-859-3093,mhobdenq@dmoz.org,12637,Comum
Rollin Cutriss,288-981-5344,rcutrissr@sun.com,11679,Comum
Frannie Heitz,624-689-9666,fheitzs@ebay.com,14332,Comum
Roselia Ellesworth,776-645-5280,relleswortht@biglobe.ne.jp,5691,Premium
Hilary Kilban,888-301-9888,hkilbanu@clickbank.net,18935,Comum
Jill Newe,379-305-6015,jnewev@nhs.uk,10133,Premium
Mariele Leates,734-126-0617,mleatesw@ca.gov,633,Premium
Clive Cullagh,545-269-7986,ccullaghx@fastcompany.com,18465,Comum
Stesha Durnall,319-473-4399,sdurnally@gravatar.com,15797,Premium
Iver Neles,309-683-1789,inelesz@1688.com,12772,Premium
Dani Longman,164-645-8931,dlongman10@mozilla.org,9622,Comum
Conny Llewellen,360-627-0357,cllewellen11@nytimes.com,19575,Comum
Bonnibelle Paaso,135-556-1202,bpaaso12@tumblr.com,6434,Comum
Belle Grigoryov,143-394-2614,bgrigoryov13@msn.com,13721,Comum
Teodor Quilkin,866-472-1905,tquilkin14@marriott.com,18104,Premium
Twyla Elsby,820-270-9548,telsby15@scientificamerican.com,7505,Premium
Morrie Oakes,739-316-4311,moakes16@fc2.com,6763,Premium
Maynord Giraudot,206-878-8398,mgiraudot17@nymag.com,17812,Premium
Tate Callow,190-422-6216,tcallow18@wix.com,11519,Comum
Steffi Demsey,496-677-8394,sdemsey19@biglobe.ne.jp,340,Premium
Cindelyn Stokey,471-178-4286,cstokey1a@wunderground.com,11900,Comum
Mahmoud Vannini,557-508-5039,mvannini1b@kickstarter.com,16496,Comum
Ced Merredy,243-900-2362,cmerredy1c@howstuffworks.com,12652,Comum
Rivalee Venny,914-242-0582,rvenny1d@bbc.co.uk,18487,Comum
Kelsey Thorowgood,247-812-9110,kthorowgood1e@wikipedia.org,13462,Comum
Anastasie Mokes,258-121-0750,amokes1f@marketwatch.com,7537,Comum
Zerk Dabernott,705-629-0238,zdabernott1g@buzzfeed.com,1545,Comum
Vikki Roscrigg,424-483-3095,vroscrigg1h@ted.com,401,Comum
Nikos Valde,292-203-0910,nvalde1i@dropbox.com,5455,Premium
Leshia Greenway,665-905-5949,lgreenway1j@indiegogo.com,1978,Premium
Vincenty Stallwood,887-543-2468,vstallwood1k@moonfruit.com,777,Comum
Rex McLuckie,501-273-2963,rmcluckie1l@a8.net,14538,Premium
Mala Cameli,332-948-7631,mcameli1m@cdbaby.com,17379,Comum
Tam Graben,639-983-7240,tgraben1n@google.co.jp,1412,Comum
Sari Gasperi,311-326-1652,sgasperi1o@columbia.edu,14991,Comum
Eden Spellard,983-706-0688,espellard1p@about.com,6139,Comum
Bowie Leacy,240-463-6386,bleacy1q@yahoo.co.jp,6049,Premium
Bancroft Semor,602-849-9974,bsemor1r@dmoz.org,2175,Comum
Christyna Seage,899-617-2649,cseage1s@barnesandnoble.com,15608,Premium
Aksel Casterou,571-489-9808,acasterou1t@uiuc.edu,5584,Premium
Kipp Roalfe,673-688-9063,kroalfe1u@multiply.com,13999,Premium
Aridatha Blyth,258-961-2919,ablyth1v@pbs.org,16220,Comum
Steward Tejada,279-321-6590,stejada1w@sciencedirect.com,5867,Premium
Sal Manginot,702-445-9604,smanginot1x@bbb.org,8998,Comum
Way Farbrace,869-132-8476,wfarbrace1y@blogtalkradio.com,2765,Comum
Spenser Prestwich,336-902-4129,sprestwich1z@flavors.me,15112,Comum
Kaile Kalkofer,604-443-2327,kkalkofer20@naver.com,11211,Comum
Mela Crossdale,849-191-9314,mcrossdale21@washington.edu,11462,Premium
Woody Perrelli,453-516-4912,wperrelli22@etsy.com,4726,Comum
Obediah Lorkin,701-591-9455,olorkin23@stanford.edu,9257,Premium
Twila MacKall,362-783-3428,tmackall24@archive.org,2439,Premium
Hannis Mewhirter,617-566-8849,hmewhirter25@earthlink.net,15694,Comum
Hartwell Moodie,705-100-2217,hmoodie26@xrea.com,10617,Premium
Bettine Vaggers,425-910-5124,bvaggers27@mozilla.org,13007,Comum
Nonna Tollmache,568-749-0864,ntollmache28@redcross.org,12617,Comum
Auroora Landor,511-200-9629,alandor29@artisteer.com,5241,Premium
Tabb Bracco,797-761-8765,tbracco2a@businessweek.com,12551,Comum
De Brandoni,239-999-0033,dbrandoni2b@devhub.com,386,Comum
Kelvin Malcher,951-579-9721,kmalcher2c@auda.org.au,5409,Comum
Milty Kenington,142-585-0872,mkenington2d@elegantthemes.com,4046,Comum
Mariana Sandland,868-449-0441,msandland2e@prlog.org,16712,Premium
Rochester Steggles,934-811-4580,rsteggles2f@amazonaws.com,15069,Comum
Jecho Ambler,819-454-3774,jambler2g@webmd.com,10453,Comum
Waylin Banaszkiewicz,846-161-9583,wbanaszkiewicz2h@umn.edu,4755,Comum
Benedict Barabich,128-758-5890,bbarabich2i@google.co.uk,18060,Premium
Evangelia Hanney,379-975-6186,ehanney2j@ed.gov,4633,Comum
Jany Hum,823-862-7795,jhum2k@spiegel.de,13907,Comum
Kellie Skynner,990-215-7228,kskynner2l@pagesperso-orange.fr,10502,Premium
Margareta Le Surf,770-421-8259,mle2m@nature.com,10098,Premium
Hastings Wileman,451-564-5843,hwileman2n@craigslist.org,19022,Premium
Murvyn Down,437-936-5291,mdown2o@123-reg.co.uk,12632,Premium
Pet Rimmington,752-886-7826,primmington2p@accuweather.com,19906,Comum
Leyla Rake,352-897-4285,lrake2q@chicagotribune.com,13115,Premium
Bennie Scruby,178-912-3279,bscruby2r@moonfruit.com,6453,Premium
Inglebert Greep,791-842-0323,igreep2s@nhs.uk,9610,Comum
Kennith Ruffy,936-633-8241,kruffy2t@yahoo.co.jp,3804,Comum
Alric McAne,463-506-1892,amcane2u@statcounter.com,19839,Premium
Herculie Gelly,325-548-9715,hgelly2v@bbc.co.uk,12160,Comum
Kliment Merriton,468-624-9529,kmerriton2w@imageshack.us,3603,Comum
Joane Villalta,862-239-1628,jvillalta2x@washington.edu,1696,Premium
Cassandre Yellep,122-215-1612,cyellep2y@canalblog.com,8585,Comum
Tessa Moresby,483-877-9542,tmoresby2z@uol.com.br,19438,Comum
Audre Berth,818-539-2297,aberth30@google.pl,13548,Premium
Magdalene Schult,258-186-2690,mschult31@1688.com,2396,Premium
Wyn Ockland,916-410-6669,wockland32@arstechnica.com,2528,Comum
Kyrstin Nerval,693-593-0235,knerval33@abc.net.au,18348,Comum
Meir Mousdall,770-349-3104,mmousdall34@addthis.com,8121,Comum
Aline Lightoller,519-276-2700,alightoller35@list-manage.com,2180,Comum
Willow Bortoletti,833-533-2757,wbortoletti36@who.int,15729,Premium
Hyacinthe Bangley,352-627-0290,hbangley37@hubpages.com,15167,Comum
Oswell Blazevic,774-206-1492,oblazevic38@mapquest.com,5957,Comum
Rosemaria Skirving,268-961-5136,rskirving39@meetup.com,12366,Comum
Kakalina Chadwen,607-936-6705,kchadwen3a@histats.com,6585,Comum
Vevay Kinnon,634-804-6998,vkinnon3b@barnesandnoble.com,11619,Comum
Tomlin Coldrick,948-344-7200,tcoldrick3c@surveymonkey.com,16404,Comum
Beaufort Eastcourt,577-956-5769,beastcourt3d@bigcartel.com,10871,Comum
Virgina Cobbing,557-699-4717,vcobbing3e@hugedomains.com,4596,Comum
Crawford Lesor,727-870-5757,clesor3f@topsy.com,17741,Premium
Nanny Tomsen,564-597-7047,ntomsen3g@yahoo.co.jp,12532,Comum
Alisun Derdes,411-293-4643,aderdes3h@wsj.com,12734,Comum
Harley Pavier,298-141-0635,hpavier3i@mashable.com,8978,Premium
Ivory Budgeon,182-892-8245,ibudgeon3j@opera.com,225,Premium
Shell Kinton,430-140-3627,skinton3k@phpbb.com,4237,Premium
Modestia Miner,862-336-2528,mminer3l@google.nl,5678,Comum
Ashia Mandifield,821-992-2901,amandifield3m@last.fm,17881,Comum
Ewart Danielsen,629-940-0852,edanielsen3n@reference.com,219,Comum
Bucky Rocco,555-200-4660,brocco3o@netlog.com,5373,Premium
Ainsley Rubert,128-484-5234,arubert3p@wufoo.com,6109,Premium
Miof mela Gerretsen,756-336-5079,mmela3q@networkadvertising.org,14680,Premium
Kyle Blumsom,421-649-6084,kblumsom3r@soundcloud.com,4948,Premium
Birch Laurens,504-281-4777,blaurens3s@cdbaby.com,16798,Premium
Jerry Praton,468-849-7577,jpraton3t@nifty.com,3118,Comum
Elwood Trussman,469-630-8604,etrussman3u@yahoo.co.jp,5697,Premium
Halsy McPhee,530-670-7632,hmcphee3v@upenn.edu,7620,Premium
Maryjane Caddell,805-975-5432,mcaddell3w@ebay.com,8219,Premium
Bealle Palfree,342-787-0026,bpalfree3x@about.me,15980,Premium
Jaquenetta Andretti,814-810-4413,jandretti3y@hibu.com,7614,Comum
Esra Parzis,786-551-6672,eparzis3z@dedecms.com,17147,Comum
Doug Robatham,196-640-3778,drobatham40@shinystat.com,12267,Premium
Lane Romanelli,788-266-7557,lromanelli41@webnode.com,4767,Comum
Tuckie Londer,781-643-6631,tlonder42@webmd.com,12806,Premium
Maria De Laci,521-291-3219,mde43@aboutads.info,16515,Comum
Blondelle Esterbrook,515-778-7243,besterbrook44@google.com,12527,Comum
Gayle Wormell,942-189-8388,gwormell45@sciencedaily.com,18915,Comum
Fin Juett,766-122-8047,fjuett46@twitpic.com,2982,Premium
Caroljean McDade,419-334-2534,cmcdade47@moonfruit.com,5553,Comum
Dorette Marrington,133-181-0388,dmarrington48@freewebs.com,19138,Premium
Bryna Jedraszek,291-101-3203,bjedraszek49@vk.com,15937,Premium
Cathy Woodeson,803-878-5843,cwoodeson4a@ted.com,5769,Premium
Louisa Glasner,390-761-4579,lglasner4b@examiner.com,13988,Premium
Magda Touson,704-327-8098,mtouson4c@archive.org,8950,Comum
Kara-lynn Eastridge,522-845-8548,keastridge4d@nytimes.com,14050,Premium
Morly Neely,167-454-1657,mneely4e@youku.com,18404,Comum
Rachel Guslon,710-480-1762,rguslon4f@nps.gov,15199,Premium
Mandie Cashley,394-617-2655,mcashley4g@e-recht24.de,6308,Premium
Hyacinthia Nisbet,243-820-6977,hnisbet4h@apple.com,2555,Premium
Bartel Wragg,293-163-1103,bwragg4i@last.fm,13017,Premium
Heindrick Aireton,454-830-9817,haireton4j@ezinearticles.com,9193,Premium
Lucho Rowthorn,846-894-5824,lrowthorn4k@youku.com,5646,Premium
Gill Andersen,714-988-1373,gandersen4l@wufoo.com,13082,Comum
Shermie Cocklie,221-254-8918,scocklie4m@ed.gov,10062,Comum
Berget Leeuwerink,518-320-5740,bleeuwerink4n@prnewswire.com,11137,Comum
Anabelle Stoffers,650-296-5741,astoffers4o@myspace.com,13906,Comum
Tabb Geelan,622-999-0927,tgeelan4p@shinystat.com,18849,Comum
Barthel Brame,837-361-1206,bbrame4q@drupal.org,10556,Premium
Viole Perche,189-173-4578,vperche4r@bizjournals.com,2953,Premium
Deeanne Milroy,114-532-0442,dmilroy4s@ox.ac.uk,17683,Premium
Angelica Gorries,744-929-7227,agorries4t@constantcontact.com,9066,Premium
Bernarr Herley,454-178-9105,bherley4u@google.de,16856,Comum
Cherey Escoffrey,392-907-7215,cescoffrey4v@irs.gov,16624,Premium
Alejandrina O Sullivan,392-424-5467,ao4w@bbb.org,5400,Comum
Vanda Whiskerd,756-485-4565,vwhiskerd4x@nbcnews.com,492,Premium
Jone Cureton,922-197-7531,jcureton4y@alibaba.com,19437,Comum
Jordain Peskin,348-677-0715,jpeskin4z@mapy.cz,2391,Comum
Roselle Pessolt,911-668-0758,rpessolt50@simplemachines.org,3797,Comum
Yolande Roof,413-830-8358,yroof51@sitemeter.com,9840,Premium
Jason Maith,886-819-2913,jmaith52@lulu.com,19692,Premium
Frederick Juleff,266-823-7181,fjuleff53@aboutads.info,11417,Premium
Valida Jest,273-812-8293,vjest54@thetimes.co.uk,1352,Premium
Terza Werendell,117-273-5293,twerendell55@indiegogo.com,13328,Premium
Florence Scaplehorn,747-794-5058,fscaplehorn56@ycombinator.com,11881,Premium
Cristobal Hars,907-292-9259,chars57@amazon.co.jp,4512,Premium
Brig Litchmore,404-999-3967,blitchmore58@xinhuanet.com,8037,Comum
Britt Rosbotham,318-664-9696,brosbotham59@ft.com,6337,Comum
Benoite Tynewell,851-148-4986,btynewell5a@gnu.org,4956,Premium
Loralie Tysack,831-480-5740,ltysack5b@hibu.com,10511,Comum
Torey Junkin,546-121-5535,tjunkin5c@acquirethisname.com,18918,Comum
Ram Davydkov,480-687-4450,rdavydkov5d@princeton.edu,6514,Comum
Leelah Dady,240-788-5172,ldady5e@usnews.com,7198,Premium
Rosabella Djokovic,717-721-4800,rdjokovic5f@psu.edu,12420,Premium
Eachelle Leeuwerink,421-917-5898,eleeuwerink5g@ustream.tv,3675,Premium
Lesley Learmont,725-896-6610,llearmont5h@mapquest.com,262,Premium
Alleyn Garrood,208-979-1558,agarrood5i@tinyurl.com,608,Comum
Lesya Wither,713-738-3617,lwither5j@nymag.com,6872,Premium
Allys Mollene,693-837-4583,amollene5k@hhs.gov,11982,Comum
Ferdinande Chiverton,781-341-7244,fchiverton5l@walmart.com,1950,Premium
Davy Rhymes,837-305-6989,drhymes5m@geocities.jp,6755,Comum
Jackelyn Trevers,855-229-6824,jtrevers5n@chron.com,12955,Premium
Xerxes Jenik,115-227-7288,xjenik5o@microsoft.com,4936,Comum
Reggis Chaundy,218-942-1109,rchaundy5p@statcounter.com,13170,Comum
Talya Rangall,682-339-4282,trangall5q@netvibes.com,9291,Comum
Gaynor Iannini,783-691-1613,giannini5r@wp.com,1121,Premium
Reggie Butterwick,818-605-0620,rbutterwick5s@who.int,13727,Comum
Lazaro Stoaks,439-859-2523,lstoaks5t@clickbank.net,14884,Comum
Lenna Dreng,774-596-3220,ldreng5u@ftc.gov,2878,Comum
Artemis Copnell,247-490-5598,acopnell5v@hatena.ne.jp,9296,Premium
Nari Karpinski,572-349-7001,nkarpinski5w@booking.com,6747,Comum
Althea Gullberg,479-487-4182,agullberg5x@mlb.com,14306,Premium
Reine Brobak,296-251-7062,rbrobak5y@about.me,11585,Premium
Harris Falkner,214-525-3525,hfalkner5z@alexa.com,4952,Comum
Martelle Leile,995-463-4452,mleile60@cnn.com,13187,Premium
Gabriel Shurman,901-526-8307,gshurman61@zdnet.com,19456,Comum
Vlad Avrahamov,528-395-0331,vavrahamov62@vk.com,9209,Comum
Blaire Hanbury,322-878-4064,bhanbury63@japanpost.jp,2251,Premium
Olivier Nelthropp,198-909-3415,onelthropp64@chronoengine.com,11477,Comum
Locke McGrill,465-917-3828,lmcgrill65@marriott.com,7746,Premium
Irena Cleft,190-325-3085,icleft66@photobucket.com,14113,Comum
Craggie Brownsell,308-944-8795,cbrownsell67@wired.com,19623,Premium
Hope Rentoul,188-272-0327,hrentoul68@nyu.edu,15643,Comum
Leonelle Redhills,476-246-3311,lredhills69@wunderground.com,15007,Premium
Kendra Lindenberg,955-701-1166,klindenberg6a@washingtonpost.com,10525,Comum
Ferdinanda Franies,809-751-5250,ffranies6b@opensource.org,14150,Premium
Jeni Cannop,484-846-8933,jcannop6c@admin.ch,17268,Premium
Buck Keal,128-999-2864,bkeal6d@elpais.com,6448,Comum
Rollin Tinkler,217-938-7811,rtinkler6e@devhub.com,18179,Premium
Roxane Burnep,965-943-5645,rburnep6f@skype.com,14902,Comum
Clarine Brotherton,792-686-7199,cbrotherton6g@twitpic.com,5291,Premium
Olivia Carlow,306-911-6976,ocarlow6h@ebay.co.uk,4390,Premium
Billie Zecchi,769-147-2321,bzecchi6i@surveymonkey.com,19244,Comum
Maribel Muckle,147-991-7816,mmuckle6j@timesonline.co.uk,5300,Premium
Simmonds Hrynczyk,392-175-4329,shrynczyk6k@cbslocal.com,18409,Premium
Dee dee Kerford,819-232-2479,ddee6l@washington.edu,1286,Comum
Kordula Gilyott,605-830-3890,kgilyott6m@amazon.co.jp,1511,Premium
Philippa Hebner,442-876-8029,phebner6n@studiopress.com,16406,Premium
Iolanthe Terney,734-918-5749,iterney6o@t.co,8324,Premium
Nichole McNeilley,284-432-1101,nmcneilley6p@wired.com,6738,Premium
Denise Leyton,371-664-2759,dleyton6q@unc.edu,234,Premium
Berkeley Christopherson,726-765-1904,bchristopherson6r@wikia.com,5171,Premium
Tucky Coultas,232-949-4472,tcoultas6s@yale.edu,12548,Premium
Harrietta Sporrij,493-500-3963,hsporrij6t@altervista.org,11244,Comum
Shayne Sone,715-853-7487,ssone6u@kickstarter.com,19959,Premium
Nikola Clayson,655-413-9743,nclayson6v@ustream.tv,12803,Premium
Linnea Pegden,192-123-1688,lpegden6w@thetimes.co.uk,5693,Premium
Gray Bartrum,170-471-6514,gbartrum6x@telegraph.co.uk,6780,Premium
Bobbette Hudel,110-768-9126,bhudel6y@cargocollective.com,2518,Comum
Eustacia MacSorley,243-887-0894,emacsorley6z@istockphoto.com,14792,Comum
Westbrook Callacher,467-461-5326,wcallacher70@addthis.com,11402,Comum
Aggie Crambie,969-755-5604,acrambie71@cnet.com,695,Premium
Michele Vinas,413-253-5590,mvinas72@drupal.org,3360,Premium
Monro Reinisch,902-412-2119,mreinisch73@intel.com,4937,Premium
Lock Lessmare,142-888-1699,llessmare74@163.com,15422,Premium
Ashlee Pickston,578-715-6620,apickston75@arstechnica.com,19064,Premium
Beulah Robet,262-595-6935,brobet76@livejournal.com,2697,Premium
Derril Budgett,548-185-5706,dbudgett77@alibaba.com,17053,Premium
Estele Scouler,969-367-5025,escouler78@ca.gov,908,Premium
Arlene Ricioppo,436-649-7949,aricioppo79@yolasite.com,13614,Comum
Loreen Longmuir,725-225-8921,llongmuir7a@smugmug.com,10121,Comum
Adelina Billion,642-197-1874,abillion7b@ed.gov,5987,Premium
Yancy Woodley,363-745-0368,ywoodley7c@networkadvertising.org,4864,Premium
Coretta Brame,842-167-7993,cbrame7d@wisc.edu,8001,Comum
Junia Piolli,382-252-4135,jpiolli7e@com.com,10483,Comum
Roosevelt Roscrigg,331-740-6681,rroscrigg7f@bravesites.com,6310,Comum
Myrta Drohan,150-390-2577,mdrohan7g@ebay.com,1029,Comum
Lorette Pimlott,416-324-5838,lpimlott7h@friendfeed.com,10406,Comum
Matteo Worvell,232-235-7973,mworvell7i@netlog.com,6561,Premium
Albertine Albery,592-630-6211,aalbery7j@earthlink.net,14204,Premium
Ania Conley,758-498-6543,aconley7k@cdbaby.com,11012,Premium
Emelda Cartmell,442-534-1395,ecartmell7l@mapquest.com,9081,Premium
Leo Teasey,653-300-5231,lteasey7m@blinklist.com,15097,Comum
Gael Danher,412-958-7512,gdanher7n@smugmug.com,10559,Premium
Camel Joanaud,874-136-7126,cjoanaud7o@e-recht24.de,99,Comum
Janka Pettyfar,734-984-8631,jpettyfar7p@columbia.edu,18347,Comum
Johny Penelli,122-162-9912,jpenelli7q@myspace.com,11478,Premium
Prent Petrovykh,837-250-6416,ppetrovykh7r@cocolog-nifty.com,9690,Premium
Roi Steutly,323-604-6825,rsteutly7s@indiatimes.com,14748,Comum
Othilia Doyley,259-848-2374,odoyley7t@tinyurl.com,7142,Premium
Sosanna Broadfoot,404-182-7460,sbroadfoot7u@youtube.com,2060,Comum
Johannes Boniface,339-510-1996,jboniface7v@tuttocitta.it,15082,Premium
Vasily Studman,929-673-1255,vstudman7w@over-blog.com,8261,Comum
Brandon Scorthorne,717-304-2464,bscorthorne7x@geocities.jp,10541,Comum
Cyrus Zorzi,630-979-0150,czorzi7y@ebay.co.uk,7560,Premium
Gabriela McPaik,494-492-7927,gmcpaik7z@blogs.com,1761,Premium
Delilah Tixier,358-375-7147,dtixier80@meetup.com,8555,Premium
Randell Dresse,308-657-2859,rdresse81@facebook.com,11196,Premium
Rodney Stemson,274-685-3049,rstemson82@theglobeandmail.com,15912,Comum
Donella Manby,288-909-2121,dmanby83@ezinearticles.com,10435,Comum
Petrina Smorfit,257-188-5924,psmorfit84@utexas.edu,12203,Comum
Janel Hoggin,734-546-5452,jhoggin85@tiny.cc,6755,Comum
Chauncey Newall,360-618-1923,cnewall86@webeden.co.uk,16179,Premium
Cornela Mebius,951-362-5405,cmebius87@cnn.com,12306,Comum
Rudy Shayler,340-525-9027,rshayler88@barnesandnoble.com,12948,Comum
Rubia Magson,195-925-4099,rmagson89@vistaprint.com,12360,Comum
Paige Burnhams,814-487-0892,pburnhams8a@de.vu,7572,Premium
Pierrette Prevett,681-833-2784,pprevett8b@cnet.com,9558,Premium
Chantalle Feek,346-540-7976,cfeek8c@facebook.com,9435,Premium
Trevor Marsters,631-777-3370,tmarsters8d@apache.org,19946,Comum
Coral Lyven,879-397-7776,clyven8e@acquirethisname.com,13670,Comum
Roderigo Manktelow,168-794-3095,rmanktelow8f@ifeng.com,17115,Comum
Karee Sproule,249-868-0741,ksproule8g@hexun.com,16458,Comum
Bettina Chicchetto,819-458-3280,bchicchetto8h@dot.gov,13017,Premium
Meir Ready,884-296-7835,mready8i@nsw.gov.au,9583,Comum
Gaile Killby,634-354-3915,gkillby8j@wsj.com,9167,Premium
Fan Spens,143-223-9620,fspens8k@behance.net,11754,Comum
Pamelina Horley,678-678-5725,phorley8l@china.com.cn,5281,Premium
Sarajane Halksworth,346-895-5953,shalksworth8m@bluehost.com,17025,Premium
Kimball Olennikov,312-801-8900,kolennikov8n@scribd.com,9964,Premium
Sapphira Peyes,988-334-7334,speyes8o@edublogs.org,6295,Premium
Zita Brigstock,684-279-3235,zbrigstock8p@barnesandnoble.com,12874,Comum
Tina Hugill,720-867-4746,thugill8q@eventbrite.com,16224,Premium
Suki Janning,377-446-2983,sjanning8r@omniture.com,2786,Premium
Estel Josefovic,192-384-6626,ejosefovic8s@noaa.gov,17024,Premium
Sheelagh Meek,813-138-5139,smeek8t@jigsy.com,12801,Comum
Margalo Letrange,823-421-7098,mletrange8u@t-online.de,1025,Premium
Susann Kira,645-387-9852,skira8v@gravatar.com,8478,Comum
Bernetta Fibbitts,638-908-6319,bfibbitts8w@drupal.org,1738,Comum
Donnie O'Sheerin,814-284-2929,dosheerin8x@slashdot.org,18630,Comum
Pepe Patershall,488-304-6295,ppatershall8y@domainmarket.com,12900,Premium
Maryanna Winstone,629-901-9161,mwinstone8z@paginegialle.it,4254,Premium
Rory Huddlestone,610-591-8617,rhuddlestone90@trellian.com,970,Premium
Helenelizabeth Montford,793-319-2143,hmontford91@icq.com,12003,Comum
Kerby Deighton,260-701-2572,kdeighton92@shareasale.com,2733,Premium
Basile Iacovacci,554-228-3732,biacovacci93@cdc.gov,9638,Premium
Dolly Chesters,973-152-7848,dchesters94@hc360.com,548,Comum
Marcella Coraini,571-641-1895,mcoraini95@facebook.com,15052,Premium
Merle Line,321-581-6516,mline96@liveinternet.ru,17663,Comum
Atalanta Gillhespy,142-381-6208,agillhespy97@spiegel.de,1725,Premium
May Merrell,865-268-4088,mmerrell98@hubpages.com,11975,Comum
Lyon Condy,366-434-7489,lcondy99@cloudflare.com,18182,Premium
Ardine Beadnall,650-598-3246,abeadnall9a@dagondesign.com,4431,Premium
Gabriell Roscrigg,684-384-6745,groscrigg9b@ebay.co.uk,5176,Premium
Kyrstin MacAvaddy,900-261-7115,kmacavaddy9c@ameblo.jp,15119,Comum
Allistir Skett,247-578-3228,askett9d@princeton.edu,14778,Comum
Jolyn Neeson,109-528-5055,jneeson9e@smugmug.com,11659,Premium
Jennilee Innwood,726-656-2853,jinnwood9f@multiply.com,1781,Comum
Erv Lindmark,420-158-9185,elindmark9g@salon.com,9209,Comum
Britt Hendrich,414-199-4842,bhendrich9h@cnn.com,18281,Comum
Yolande Forre,761-945-0691,yforre9i@loc.gov,19260,Premium
Aili Pickersail,218-352-8119,apickersail9j@zdnet.com,4711,Comum
Mahmoud Ede,691-875-2317,mede9k@studiopress.com,18110,Premium
Emmott Diggons,183-181-9517,ediggons9l@oakley.com,17912,Premium
Brody Quirke,527-114-0349,bquirke9m@homestead.com,2613,Premium
Mozelle Moss,327-702-1374,mmoss9n@cargocollective.com,19200,Premium
Tallie Lasseter,749-318-7290,tlasseter9o@discovery.com,15526,Premium
Celestina Cutress,865-130-2921,ccutress9p@nymag.com,1738,Premium
Alie Inglese,142-227-4475,ainglese9q@virginia.edu,7214,Comum
Jennee Sealand,732-780-0240,jsealand9r@amazon.de,13227,Comum
Maximilien Tinghill,942-654-7288,mtinghill9s@opensource.org,10555,Comum
Lynett Yancey,865-768-1065,lyancey9t@marketwatch.com,19194,Premium
Adrianna Houlston,325-633-6361,ahoulston9u@storify.com,12749,Premium
Valerye Ferentz,379-869-2362,vferentz9v@oracle.com,415,Comum
Querida Tearney,863-376-6395,qtearney9w@mozilla.com,5623,Comum
Yankee Warry,432-193-3526,ywarry9x@163.com,2312,Comum
Celinka St Clair,316-848-5489,cst9y@intel.com,3677,Comum
Andrea Walework,480-704-8624,awalework9z@smugmug.com,12619,Premium
Lind Kubec,354-393-7304,lkubeca0@list-manage.com,9500,Premium
Melody Huzzay,608-288-8848,mhuzzaya1@quantcast.com,6004,Premium
Orelle Bortol,416-986-7849,obortola2@msu.edu,8249,Premium
Vinson Cabbell,121-321-0043,vcabbella3@fda.gov,5647,Premium
Aurilia Bollen,915-284-1266,abollena4@google.com.au,11114,Comum
Gabrila Leivers,588-508-8901,gleiversa5@nba.com,5082,Comum
Noelani Rubinlicht,620-704-0821,nrubinlichta6@about.me,12071,Comum
Jud Monkhouse,833-906-1988,jmonkhousea7@mozilla.org,11798,Premium
Bradley Yeliashev,386-217-5569,byeliasheva8@eventbrite.com,11835,Comum
Bren Truman,267-563-3572,btrumana9@ft.com,2665,Premium
Marney House,351-613-6572,mhouseaa@clickbank.net,17770,Comum
Marjy Senecaut,140-978-0915,msenecautab@forbes.com,19538,Premium
Locke Doggett,281-487-1541,ldoggettac@usda.gov,18127,Premium
Gabbey Stoeckle,555-972-8419,gstoecklead@ihg.com,18,Comum
Claudia Trusse,298-457-7135,ctrusseae@irs.gov,11138,Premium
Bryn Favill,547-295-8933,bfavillaf@reference.com,13958,Premium
Ruben Balogun,607-138-1111,rbalogunag@nba.com,5827,Premium
Catie Dyott,514-599-8953,cdyottah@photobucket.com,1812,Premium
Alyce Haine,449-902-2341,ahaineai@pcworld.com,2971,Premium
Holli Francombe,807-129-9883,hfrancombeaj@feedburner.com,11595,Premium
Sharon Blackleech,281-861-2990,sblackleechak@smh.com.au,15699,Comum
Curtis Oscroft,670-725-4415,coscroftal@npr.org,7994,Comum
Karole Leyband,318-784-0044,kleybandam@creativecommons.org,11987,Premium
Valina Shipley,940-793-0938,vshipleyan@nih.gov,231,Comum
Jason Pilbury,275-287-9592,jpilburyao@vimeo.com,8554,Premium
Andee M'Chirrie,315-260-1276,amchirrieap@symantec.com,2711,Comum
Hyacinthia Bulcock,661-667-3023,hbulcockaq@youtu.be,12797,Comum
King Gerrie,655-711-0812,kgerriear@surveymonkey.com,12976,Premium
Joanna Eringey,477-809-9276,jeringeyas@sogou.com,19493,Comum
Woody Gerrens,443-991-5926,wgerrensat@multiply.com,4359,Premium
Lambert Atmore,748-307-9651,latmoreau@howstuffworks.com,5952,Comum
Bear Feild,946-979-6540,bfeildav@t.co,3560,Premium
Lauretta Molohan,274-168-7351,lmolohanaw@networkadvertising.org,3447,Comum
Aurore Jochens,389-293-5331,ajochensax@mediafire.com,12751,Premium
Sela Jiranek,695-277-2285,sjiranekay@dedecms.com,5125,Comum
Marigold Eichmann,237-725-6329,meichmannaz@delicious.com,4742,Comum
Lorna Godby,236-998-3513,lgodbyb0@over-blog.com,19537,Comum
Alberto Wharlton,785-422-4752,awharltonb1@telegraph.co.uk,10488,Comum
Domenico Nunes Nabarro,545-800-3185,dnunesb2@foxnews.com,3687,Comum
Sonni Sterzaker,950-572-6953,ssterzakerb3@dmoz.org,11666,Premium
Ethelbert Houlahan,178-808-0296,ehoulahanb4@1und1.de,13398,Premium
Jordan Winnett,396-781-2081,jwinnettb5@bigcartel.com,729,Premium
Paxton Shovelbottom,102-599-9647,pshovelbottomb6@creativecommons.org,2653,Comum
Ross Lendon,727-685-6658,rlendonb7@mail.ru,3045,Premium
Sonnnie Brumham,201-157-1969,sbrumhamb8@mapy.cz,16432,Comum
Salome D'Aulby,847-111-0550,sdaulbyb9@gnu.org,12382,Premium
Fanchette Connochie,126-499-4646,fconnochieba@acquirethisname.com,7620,Comum
Luci Abad,185-245-1247,labadbb@jigsy.com,12646,Comum
Dominik Spires,873-912-3017,dspiresbc@pbs.org,12996,Premium
Norine Ivanets,707-486-1370,nivanetsbd@youku.com,13113,Comum
Ellissa Wigglesworth,872-159-8847,ewigglesworthbe@desdev.cn,9812,Comum
Simon Cobbing,130-886-9524,scobbingbf@si.edu,9213,Premium
Anna-maria Barca,727-276-4935,abarcabg@posterous.com,6557,Premium
Tammie Port,796-769-0673,tportbh@odnoklassniki.ru,10353,Comum
Mariele Hazlehurst,974-686-6591,mhazlehurstbi@independent.co.uk,7060,Comum
Sileas Passion,167-619-4947,spassionbj@hubpages.com,3081,Comum
Free Depper,693-348-6860,fdepperbk@statcounter.com,1867,Comum
Lorens Gluyus,999-980-7526,lgluyusbl@ebay.co.uk,14605,Comum
Kearney Ovill,508-961-5891,kovillbm@mtv.com,16721,Comum
Oralla MacAlinden,460-896-8585,omacalindenbn@marriott.com,4862,Comum
Minnnie Stilgoe,804-452-9563,mstilgoebo@reuters.com,13600,Premium
Walden Engelmann,573-159-2640,wengelmannbp@macromedia.com,10469,Comum
Nels Mushrow,180-741-0160,nmushrowbq@squidoo.com,10422,Comum
Burnard Perigo,949-476-1063,bperigobr@mediafire.com,4951,Comum
Dulciana McAuslan,130-329-4799,dmcauslanbs@usa.gov,691,Comum
Humfrid Croy,481-564-0074,hcroybt@photobucket.com,1004,Premium
Jourdain Tapsell,589-506-8217,jtapsellbu@soundcloud.com,10753,Premium
Kiel Husselbee,824-292-2384,khusselbeebv@webs.com,3906,Comum
Mae Rycraft,819-319-6259,mrycraftbw@example.com,2586,Premium
Joanie Peel,678-883-9700,jpeelbx@list-manage.com,8509,Comum
Bess Loveless,162-614-5737,blovelessby@hud.gov,7048,Comum
Honey McNysche,962-265-9801,hmcnyschebz@nyu.edu,4010,Premium
Thibaud Feehan,345-258-3362,tfeehanc0@youtube.com,4358,Comum
Casandra Tithacott,563-816-9766,ctithacottc1@telegraph.co.uk,18058,Comum
Clair Pudden,339-179-0424,cpuddenc2@usnews.com,8955,Comum
Celeste Gorler,970-473-6243,cgorlerc3@reverbnation.com,18258,Premium
Sheri Brahams,736-876-8068,sbrahamsc4@comsenz.com,16925,Comum
Upton Danilchenko,943-948-5095,udanilchenkoc5@hatena.ne.jp,4372,Premium
Gladys Crang,442-162-6147,gcrangc6@wiley.com,9824,Premium
Mireielle Foker,365-769-5305,mfokerc7@blinklist.com,13819,Premium
Vania Whanstall,362-628-8741,vwhanstallc8@themeforest.net,3713,Premium
Chelsie Elles,336-551-9266,cellesc9@cafepress.com,11279,Comum
Aimil Bosquet,979-976-0590,abosquetca@diigo.com,3218,Premium
Wallie Shailer,529-714-9957,wshailercb@cyberchimps.com,3642,Premium
Panchito Behning,815-402-6107,pbehningcc@timesonline.co.uk,3865,Comum
Barbe Seys,296-175-8479,bseyscd@diigo.com,9037,Comum
Tabby Smedmoor,324-805-9906,tsmedmoorce@paypal.com,16353,Comum
Jennica Tomblett,456-891-3261,jtomblettcf@wunderground.com,16136,Comum
Ryon Kenworthey,854-778-6404,rkenwortheycg@desdev.cn,5655,Premium
Nikaniki Organer,171-648-5862,norganerch@uol.com.br,4264,Comum
Corny Backson,395-964-7132,cbacksonci@ifeng.com,13172,Comum
Ula Rump,742-293-5654,urumpcj@friendfeed.com,457,Premium
Glynnis Bleacher,865-790-5016,gbleacherck@comsenz.com,15945,Premium
Helen-elizabeth Thurling,118-184-8786,hthurlingcl@upenn.edu,11323,Comum
Liv Elders,928-574-1089,lelderscm@house.gov,15121,Comum
Gracie Ewins,788-362-5876,gewinscn@harvard.edu,9726,Comum
Liza Oddey,292-519-3327,loddeyco@msn.com,10351,Comum
Hephzibah Matson,757-551-9997,hmatsoncp@discuz.net,17906,Comum
Joyan Chesser,359-886-6482,jchessercq@discovery.com,16068,Comum
Harland Ciobotaru,322-438-5866,hciobotarucr@biblegateway.com,16639,Comum
Pippo Forestall,655-964-8174,pforestallcs@godaddy.com,7851,Comum
Allis Sandever,207-347-3266,asandeverct@dropbox.com,10539,Premium
Garwin Dublin,495-832-5295,gdublincu@github.io,9541,Comum
Dniren Lerigo,558-911-0224,dlerigocv@columbia.edu,13592,Comum
Callean Airds,503-105-6246,cairdscw@apache.org,4641,Comum
Ertha Matijevic,228-302-0518,ematijeviccx@cloudflare.com,16419,Comum
Frederic Attride,199-435-6768,fattridecy@biglobe.ne.jp,844,Comum
Hilary Cotter,517-275-1987,hcottercz@wix.com,15806,Comum
Francklin Templeman,574-530-6288,ftemplemand0@taobao.com,2553,Premium
Horatio Chugg,554-102-7901,hchuggd1@bluehost.com,13060,Comum
Willy Bracci,854-410-7597,wbraccid2@4shared.com,1075,Comum
Beitris Hemshall,347-260-3269,bhemshalld3@ca.gov,1336,Comum
Jordan Diment,709-887-8398,jdimentd4@usatoday.com,7696,Premium
Tull Benedettini,303-898-3335,tbenedettinid5@vistaprint.com,12686,Premium
Alistair Larham,861-387-0359,alarhamd6@biglobe.ne.jp,1985,Comum
Gayle Purkis,898-315-0159,gpurkisd7@cyberchimps.com,7897,Comum
Mattie Brice,757-412-4987,mbriced8@ucsd.edu,15720,Comum
Petra Haggerwood,535-293-7425,phaggerwoodd9@earthlink.net,9000,Comum
Bessy Folkard,503-990-6568,bfolkardda@java.com,3603,Comum
Lammond Shiels,972-619-7694,lshielsdb@example.com,4805,Premium
Beitris Robeiro,803-266-2780,brobeirodc@telegraph.co.uk,5524,Premium
Elaine Thonason,544-836-0039,ethonasondd@who.int,15702,Premium
Roderick Loveridge,940-599-4414,rloveridgede@163.com,9112,Comum
Roxanne Couvet,402-477-3280,rcouvetdf@ameblo.jp,10916,Premium
Ignatius Gaspero,137-567-3544,igasperodg@github.com,6229,Comum
Gabriel Wiffler,365-254-0736,gwifflerdh@go.com,10066,Comum
Jakob Haberfield,217-764-7182,jhaberfielddi@timesonline.co.uk,3137,Comum
Dacia Mugridge,659-792-6477,dmugridgedj@bbc.co.uk,10424,Premium
Suzi McCallion,620-519-3667,smccalliondk@spiegel.de,13150,Comum
Chet Bunten,780-729-3517,cbuntendl@yale.edu,8701,Premium
Shana Coleson,156-589-5385,scolesondm@aol.com,19207,Comum
Kaspar MacCole,176-827-7274,kmaccoledn@huffingtonpost.com,4304,Premium
Clifford Bartoszinski,845-992-5671,cbartoszinskido@wikimedia.org,18312,Comum
Etan Plumb,690-991-4126,eplumbdp@usa.gov,18184,Premium
Dudley Basey,788-164-5456,dbaseydq@ebay.com,9033,Premium
Dynah Pimer,546-416-3721,dpimerdr@ustream.tv,9074,Premium
Zolly Charker,405-345-7277,zcharkerds@apache.org,12491,Premium
Caresa Batch,710-197-9509,cbatchdt@github.io,4278,Comum
Ulberto Brimilcombe,205-885-3214,ubrimilcombedu@unesco.org,13027,Premium
Gareth Ostridge,578-698-8135,gostridgedv@samsung.com,11985,Comum
Aubine Rickerby,615-410-6375,arickerbydw@tinyurl.com,6700,Premium
Kerrill Cray,975-132-5625,kcraydx@psu.edu,19738,Comum
Skipton Strooband,102-199-8152,sstroobanddy@craigslist.org,7390,Premium
Concordia Myott,520-778-3479,cmyottdz@surveymonkey.com,3220,Premium
Brose Coom,977-580-4389,bcoome0@furl.net,5610,Comum
Lucho Moffat,771-762-2428,lmoffate1@boston.com,7956,Comum
Tom Tame,418-996-2639,ttamee2@webs.com,9177,Comum
Sherie Clampin,621-442-4215,sclampine3@spiegel.de,18946,Premium
Otis Falco,782-860-2895,ofalcoe4@usda.gov,11006,Comum
Vaughan Garnsworth,292-544-0334,vgarnsworthe5@reference.com,12437,Comum
Buddie Lukash,429-436-5809,blukashe6@trellian.com,9289,Premium
Brina Garmey,467-699-3087,bgarmeye7@loc.gov,15910,Premium
Zilvia Klemmt,671-763-4936,zklemmte8@miitbeian.gov.cn,16947,Premium
Emlynn Wollrauch,551-436-6367,ewollrauche9@squidoo.com,5858,Premium
Giorgi Peplow,345-683-9805,gpeplowea@simplemachines.org,14385,Comum
Jannelle Grenfell,998-294-5102,jgrenfelleb@cnbc.com,11683,Premium
Sacha Castell,802-886-9921,scastellec@tinyurl.com,14291,Premium
Raff Dungee,879-351-2334,rdungeeed@techcrunch.com,8172,Comum
Caitrin Tarburn,465-525-3923,ctarburnee@howstuffworks.com,11051,Comum
Hunt Klausen,969-647-0422,hklausenef@friendfeed.com,14078,Comum
Helyn Willshear,859-366-6921,hwillsheareg@sfgate.com,15662,Comum
Chen Ingledew,183-384-4848,cingledeweh@vimeo.com,12324,Comum
Tom Shadfourth,490-383-2425,tshadfourthei@phpbb.com,16494,Comum
Gilberto Grioli,857-745-3347,ggrioliej@cdc.gov,18669,Comum
Lockwood Tomkiss,508-234-9049,ltomkissek@marriott.com,3684,Comum
Lotty Giberd,922-376-4129,lgiberdel@independent.co.uk,8155,Premium
Kelly Grinnell,513-500-1457,kgrinnellem@ucla.edu,14631,Comum
Bendix Probbin,699-363-5523,bprobbinen@youtu.be,8543,Comum
Lenci Blais,548-274-4318,lblaiseo@vkontakte.ru,19864,Comum
Esdras Domenge,774-256-2083,edomengeep@theatlantic.com,4449,Premium
Michail Cosstick,285-841-6159,mcosstickeq@bizjournals.com,5314,Comum
Bobbee Mate,323-281-4497,bmateer@latimes.com,15209,Premium
Jesse Cox,871-293-4643,jcoxes@simplemachines.org,9935,Comum
Alvie Lapidus,854-749-9122,alapiduset@samsung.com,19559,Premium
De Tidbald,350-467-1540,dtidbaldeu@vk.com,11733,Premium
Holt Anthony,797-136-4519,hanthonyev@tiny.cc,6740,Premium
Wyn Overlow,901-768-1331,woverlowew@msn.com,7910,Comum
Basia Heffer,196-690-6911,bhefferex@admin.ch,3467,Premium
Stefania Chestnutt,991-340-0751,schestnuttey@fotki.com,1584,Comum
Weylin Josifovitz,231-586-3134,wjosifovitzez@yahoo.com,10823,Comum
Jeffry Aisman,347-386-1013,jaismanf0@mediafire.com,13745,Comum
Solomon Braben,258-207-5078,sbrabenf1@boston.com,12028,Comum
Milzie Clixby,720-855-9701,mclixbyf2@ucoz.com,17121,Comum
Effie Soppitt,305-112-8529,esoppittf3@devhub.com,18410,Comum
Caz Sacchetti,780-604-9357,csacchettif4@newyorker.com,17944,Comum
Penn Batalle,859-427-9780,pbatallef5@wunderground.com,472,Premium
Isac Cornu,972-847-1571,icornuf6@dmoz.org,5559,Premium
Bogey Pauleit,640-959-2518,bpauleitf7@jigsy.com,14707,Comum
Sharity Blyde,206-503-2522,sblydef8@china.com.cn,3377,Comum
Zita Dilnot,344-363-2273,zdilnotf9@digg.com,18533,Comum
Retha Sweed,477-882-6862,rsweedfa@discuz.net,14269,Premium
Fayette Clissold,427-664-4968,fclissoldfb@sakura.ne.jp,13660,Premium
Amaleta Antoons,760-573-6026,aantoonsfc@epa.gov,8973,Comum
Roby Sapauton,794-938-3691,rsapautonfd@ezinearticles.com,4735,Comum
Yolande Swift,785-344-7490,yswiftfe@craigslist.org,10516,Premium
Lorenza Klimmek,503-868-2952,lklimmekff@gravatar.com,17838,Premium
Audy Frere,958-704-1049,afrerefg@pbs.org,18142,Premium
Kalie MacGauhy,177-345-0674,kmacgauhyfh@comcast.net,12022,Comum
Lucia Banville,761-685-0429,lbanvillefi@berkeley.edu,5649,Comum
Biron Ziemens,259-779-6393,bziemensfj@skype.com,1675,Premium
Trev Stiggers,193-695-5082,tstiggersfk@ed.gov,5678,Premium
Rourke Vasin,399-792-0802,rvasinfl@ft.com,16774,Premium
Damian Saurat,615-697-2461,dsauratfm@wunderground.com,12059,Comum
Martie Arent,598-939-3168,marentfn@scientificamerican.com,18486,Comum
Jasmina Likly,589-102-9673,jliklyfo@opera.com,1433,Premium
Clyde Lamb-shine,364-722-0215,clambshinefp@bbc.co.uk,6780,Comum
Lincoln Bowfin,490-277-8833,lbowfinfq@ameblo.jp,12260,Comum
Sue Gorst,249-736-9720,sgorstfr@unesco.org,13055,Premium
Otho Bass,398-112-8364,obassfs@imageshack.us,7849,Comum
Quentin Drysdell,863-156-2653,qdrysdellft@cnbc.com,14189,Comum
Edita Herreran,729-154-9674,eherreranfu@quantcast.com,5407,Premium
Jerome Fossord,945-453-8960,jfossordfv@weebly.com,2556,Premium
Ashien Douty,869-934-3665,adoutyfw@washington.edu,18719,Premium
Sorcha Maulkin,414-421-0307,smaulkinfx@youku.com,771,Comum
Consolata Moizer,936-156-7151,cmoizerfy@loc.gov,7604,Premium
Aeriela Cisec,179-267-2951,acisecfz@prlog.org,4305,Comum
Frieda Proske,384-651-4857,fproskeg0@ted.com,17758,Comum
Leonerd Dungee,472-939-6173,ldungeeg1@nhs.uk,677,Comum
Donn Pering,681-545-5011,dperingg2@businessweek.com,14268,Premium
Robbie Semechik,956-489-4451,rsemechikg3@ask.com,9866,Premium
Jobi Mufford,634-968-0581,jmuffordg4@cisco.com,1497,Comum
Vernor Quiddinton,831-981-2053,vquiddintong5@businesswire.com,18374,Premium
Dunn Cheers,480-654-0405,dcheersg6@nifty.com,11645,Premium
Modestine D' Angelo,617-885-4081,mdg7@dedecms.com,770,Premium
Roslyn Sprowell,266-237-4926,rsprowellg8@newsvine.com,4793,Premium
Chandra Tague,827-287-3122,ctagueg9@comcast.net,14519,Premium
Aaron Geri,537-530-3766,ageriga@1688.com,6121,Premium
Kay Playden,550-717-4439,kplaydengb@weebly.com,16260,Comum
Annabelle Jumont,122-725-0184,ajumontgc@cnn.com,13172,Premium
Kimbell Haffard,723-874-2048,khaffardgd@npr.org,15809,Comum
Currey Midden,617-318-5524,cmiddenge@list-manage.com,6506,Premium
Bride Dominelli,481-262-8626,bdominelligf@free.fr,13006,Premium
Kele Yoskowitz,546-750-1880,kyoskowitzgg@imageshack.us,1891,Premium
Ole Rounsivall,174-813-9627,orounsivallgh@ask.com,18094,Comum
Shannon Sheldrake,740-476-5493,ssheldrakegi@google.ca,9712,Premium
Barty Claesens,768-932-7495,bclaesensgj@fotki.com,5718,Premium
Inesita Womersley,869-730-4414,iwomersleygk@marriott.com,5868,Comum
Zarla Kaming,327-210-8762,zkaminggl@mapquest.com,10349,Premium
Alistair Roycroft,992-669-3986,aroycroftgm@google.ru,1082,Premium
Hershel Dryden,962-420-6399,hdrydengn@php.net,9826,Comum
Karola Holson,324-615-4286,kholsongo@wix.com,16558,Comum
Katlin Bramwell,443-319-0945,kbramwellgp@last.fm,1185,Premium
Etan Osgerby,447-410-2391,eosgerbygq@state.tx.us,16489,Comum
Jamima Graber,270-518-9753,jgrabergr@pinterest.com,15038,Premium
Jaye Durnan,428-813-2667,jdurnangs@disqus.com,3236,Premium
Indira Bossom,629-511-5032,ibossomgt@technorati.com,16900,Premium
Chalmers Klee,285-401-8298,ckleegu@booking.com,5445,Comum
Bud Fetherstonhaugh,548-197-9217,bfetherstonhaughgv@ow.ly,13366,Comum
Mahmoud Rubra,355-363-0272,mrubragw@sfgate.com,6850,Comum
Oona Pulman,218-187-5525,opulmangx@miitbeian.gov.cn,19934,Comum
Gaye Tebbit,188-368-5628,gtebbitgy@earthlink.net,9257,Comum
Brett Nussii,410-890-7740,bnussiigz@scientificamerican.com,262,Comum
Ruddie Thelwll,204-712-1936,rthelwllh0@hexun.com,11377,Premium
Steven Pibworth,995-311-8572,spibworthh1@about.me,8550,Premium
Berne Stait,881-225-3676,bstaith2@comcast.net,10171,Comum
Syd Hatherley,483-627-1551,shatherleyh3@addtoany.com,2275,Premium
Jaymie Keems,864-806-6079,jkeemsh4@unesco.org,7234,Comum
Sydney Oiseau,705-585-0707,soiseauh5@europa.eu,16585,Comum
Ferdie Deary,257-262-8865,fdearyh6@si.edu,8261,Premium
Koressa Perrat,954-739-9107,kperrath7@china.com.cn,18814,Comum
Sheilakathryn MacGaughy,834-272-6628,smacgaughyh8@wikimedia.org,18136,Premium
Beryl Tenman,453-836-9671,btenmanh9@bloglovin.com,13993,Premium
Marla Keene,351-500-7980,mkeeneha@cpanel.net,9959,Comum
Chuck Manterfield,609-800-1789,cmanterfieldhb@so-net.ne.jp,12617,Comum
Henrietta Potes,938-700-8354,hpoteshc@squarespace.com,18295,Comum
Hieronymus Haggish,671-925-8471,hhaggishhd@newyorker.com,9173,Comum
Eamon Siemons,617-997-5714,esiemonshe@shutterfly.com,4520,Premium
Emlynne Briscow,171-964-8336,ebriscowhf@istockphoto.com,14691,Premium
Hugh Lory,466-560-2109,hloryhg@upenn.edu,13685,Comum
Stearn Swannie,178-841-4106,sswanniehh@ca.gov,2031,Comum
Jaclin Ardling,799-821-5439,jardlinghi@gov.uk,17268,Comum
Kim Manketell,195-294-8941,kmanketellhj@amazon.com,2759,Comum
Andrei Tivenan,630-802-7644,ativenanhk@latimes.com,5882,Premium
Zaccaria Starie,784-935-3074,zstariehl@time.com,12634,Premium
Robby MacClenan,211-243-0920,rmacclenanhm@photobucket.com,6256,Comum
Tawnya Pieper,661-119-5276,tpieperhn@engadget.com,19449,Comum
Dorri Picheford,166-291-6383,dpichefordho@php.net,502,Premium
Cece Ramelet,700-235-5964,cramelethp@utexas.edu,14559,Premium
Viviana Gioani,233-318-7208,vgioanihq@seattletimes.com,4428,Premium
Allie Endersby,703-898-3016,aendersbyhr@webmd.com,1038,Premium
Lowell Arthy,943-443-0314,larthyhs@yelp.com,10675,Comum
Simona Bargh,851-839-8455,sbarghht@creativecommons.org,11919,Comum
Ivar Rapsey,847-943-7450,irapseyhu@columbia.edu,17974,Comum
Sean Fairhead,667-267-7885,sfairheadhv@google.it,11051,Premium
Genia Tomasian,909-542-5571,gtomasianhw@ameblo.jp,8519,Premium
Gwenneth Bryceson,970-898-9988,gbrycesonhx@bloglovin.com,4254,Comum
Bev Purdy,109-310-4236,bpurdyhy@ocn.ne.jp,2268,Comum
Salome Potte,268-946-5843,spottehz@rediff.com,11734,Comum
Robena Parke,945-659-0963,rparkei0@slashdot.org,12819,Premium
Winn Linke,211-253-7270,wlinkei1@alexa.com,16690,Comum
Frants Frany,540-483-9313,ffranyi2@nsw.gov.au,17443,Premium
Dalt Tezure,140-451-6701,dtezurei3@wufoo.com,5927,Comum
Brigitta Boatright,642-450-0235,bboatrighti4@intel.com,19604,Comum
Astrid Bruyntjes,284-549-7164,abruyntjesi5@va.gov,6071,Premium
Annmarie Dufaur,181-454-5369,adufauri6@unicef.org,8362,Comum
Amanda Dedney,533-984-7996,adedneyi7@scientificamerican.com,13795,Premium
Norri Sobieski,130-705-3350,nsobieskii8@xinhuanet.com,7319,Comum
Munroe Sussems,310-189-2541,msussemsi9@diigo.com,14028,Comum
Perkin Levay,547-388-9904,plevayia@gmpg.org,15087,Premium
Rufus July,187-929-3285,rjulyib@hao123.com,15606,Premium
Josefa Dutton,286-283-3981,jduttonic@amazon.de,752,Comum
Hewett Balmforth,707-283-0533,hbalmforthid@indiatimes.com,18266,Premium
Tonie Cornilli,801-520-5437,tcornilliie@last.fm,19828,Premium
Cozmo Hagstone,618-899-3731,chagstoneif@hc360.com,5301,Comum
Borg Nott,350-110-5636,bnottig@usda.gov,18828,Comum
Harley Shepard,316-894-3924,hshepardih@sfgate.com,2212,Premium
Robert Bousfield,529-786-1004,rbousfieldii@tamu.edu,13856,Premium
Sayres Tame,749-973-9885,stameij@dedecms.com,19205,Comum
Rheta Le Strange,560-831-0484,rleik@multiply.com,269,Premium
Ranice McFetridge,349-360-2103,rmcfetridgeil@yale.edu,15060,Comum
Catharina Gever,326-578-6413,cgeverim@shareasale.com,1742,Comum
Kele Chicken,474-979-5129,kchickenin@sohu.com,15169,Premium
Carissa Mayoral,423-535-8707,cmayoralio@ow.ly,6764,Premium
Lance Gummer,816-595-6225,lgummerip@mozilla.com,15846,Premium
Carolyn Everitt,887-184-1807,ceverittiq@hatena.ne.jp,11622,Comum
Jo-anne Geggus,434-669-0854,jgeggusir@smugmug.com,6207,Comum
Nicolas Gregr,485-807-3741,ngregris@de.vu,3495,Comum
Ludovika Lawland,528-521-3641,llawlandit@icio.us,9892,Premium
Lennie Arkow,141-598-8969,larkowiu@deviantart.com,2939,Comum
Marla Blemen,364-641-4568,mblemeniv@prnewswire.com,14883,Premium
Emmanuel Briscam,681-568-3497,ebriscamiw@whitehouse.gov,6922,Premium
Queenie Yuryaev,174-391-0013,qyuryaevix@aol.com,14455,Premium
Pavel Cavilla,725-154-8653,pcavillaiy@businessinsider.com,18439,Premium
Merl Qusklay,425-461-6181,mqusklayiz@vkontakte.ru,18484,Premium
Ardyce Pellamonuten,876-762-2882,apellamonutenj0@opera.com,15698,Premium
Kennie Warrilow,982-507-2038,kwarrilowj1@google.co.uk,12912,Comum
Elene Abby,345-417-4931,eabbyj2@ebay.com,10956,Premium
Alonzo Ruddle,664-835-4523,aruddlej3@amazonaws.com,12571,Comum
Charmane Davids,573-565-2825,cdavidsj4@uiuc.edu,3423,Comum
Corliss Ceeley,874-223-3849,cceeleyj5@quantcast.com,18843,Premium
Inez Ruvel,918-725-7197,iruvelj6@miibeian.gov.cn,2492,Premium
Cyril Peplay,680-606-4126,cpeplayj7@t.co,9134,Comum
Margaretta Snell,145-856-8212,msnellj8@businessinsider.com,5453,Comum
Ingmar Gush,639-214-7154,igushj9@techcrunch.com,10465,Comum
Olva Rumford,128-822-2420,orumfordja@google.co.uk,19010,Premium
Den Hawksby,848-658-0406,dhawksbyjb@cpanel.net,16807,Comum
Adrienne Zmitruk,405-556-6129,azmitrukjc@prlog.org,19592,Premium
Gustave Esselen,669-921-2059,gesselenjd@cisco.com,901,Comum
Dasha Sainer,874-367-8284,dsainerje@sina.com.cn,14761,Comum
Andriana Ranaghan,408-569-0707,aranaghanjf@hostgator.com,19938,Premium
Fleur Kaas,307-918-8911,fkaasjg@php.net,15216,Comum
Flory Ruffy,788-496-5225,fruffyjh@google.ca,15597,Comum
Gabe Noseworthy,549-630-8946,gnoseworthyji@discovery.com,18719,Premium
Tillie Trayhorn,133-906-5984,ttrayhornjj@nymag.com,4793,Comum
Liuka Cornely,458-706-8752,lcornelyjk@google.nl,5139,Premium
Adriaens Hendriks,949-423-4324,ahendriksjl@theatlantic.com,11409,Comum
Brian Dysert,544-224-0800,bdysertjm@dagondesign.com,16661,Comum
Philly Stimpson,666-219-3757,pstimpsonjn@craigslist.org,19455,Premium
Isa Drinkall,284-145-0432,idrinkalljo@ycombinator.com,3158,Comum
Vinni Ouldred,839-970-5336,vouldredjp@ehow.com,19191,Comum
Karena Breed,814-346-7688,kbreedjq@miitbeian.gov.cn,17143,Comum
Tracy Crichton,426-503-1902,tcrichtonjr@miitbeian.gov.cn,10089,Premium
Jackie Chattaway,713-937-0383,jchattawayjs@admin.ch,11280,Premium
Ginnifer Harrowsmith,769-434-8186,gharrowsmithjt@scientificamerican.com,3063,Comum
Pammy McKue,963-213-9174,pmckueju@over-blog.com,10760,Premium
Ajay Schwerin,655-446-4669,aschwerinjv@quantcast.com,15146,Premium
Demetri Winterbotham,689-581-7016,dwinterbothamjw@vistaprint.com,17341,Comum
Skelly Haney,354-505-4033,shaneyjx@nytimes.com,1819,Comum
Earlie Pauluzzi,943-585-0030,epauluzzijy@nydailynews.com,17333,Premium
Anatole Hallgalley,116-406-9758,ahallgalleyjz@pinterest.com,17377,Comum
Elvera Marrett,747-513-4327,emarrettk0@nih.gov,17768,Premium
Romonda Mushrow,786-613-0056,rmushrowk1@mozilla.com,8427,Premium
Theodore Quickfall,121-269-5227,tquickfallk2@networkadvertising.org,11931,Comum
Ashla Balling,793-731-4360,aballingk3@statcounter.com,9724,Premium
Durant Swayne,910-107-1357,dswaynek4@ocn.ne.jp,13412,Comum
Myranda Mote,357-536-1741,mmotek5@lulu.com,16663,Premium
Judy Hanny,923-459-9098,jhannyk6@hibu.com,2794,Premium
Brendan Chainey,655-571-6716,bchaineyk7@wordpress.com,6614,Premium
Pavlov Brilon,921-811-0028,pbrilonk8@aol.com,10833,Comum
Hatty Pervew,868-731-5626,hpervewk9@youku.com,4698,Comum
Allen Gowen,841-460-2447,agowenka@surveymonkey.com,10336,Premium
Linn Castelyn,687-111-6468,lcastelynkb@stumbleupon.com,16035,Comum
Glyn Dearle,398-514-9848,gdearlekc@joomla.org,7019,Comum
Cliff Adanet,733-290-8705,cadanetkd@cocolog-nifty.com,19097,Premium
Katherine Kemshell,964-638-1846,kkemshellke@google.fr,8191,Premium
Jeddy Dulake,630-546-5241,jdulakekf@tripadvisor.com,305,Comum
Ryan Carlan,178-237-8483,rcarlankg@bandcamp.com,2945,Comum
Lucinda Goodday,416-689-1653,lgooddaykh@friendfeed.com,1850,Premium
Helga Gwatkin,874-712-5190,hgwatkinki@cbsnews.com,10129,Comum
Cole Ortsmann,635-992-7286,cortsmannkj@ycombinator.com,13634,Premium
Susette Strase,863-872-1520,sstrasekk@mac.com,5651,Comum
Arron Simoncello,997-736-2361,asimoncellokl@jimdo.com,18639,Premium
Janine Tomblin,407-649-1304,jtomblinkm@ning.com,4930,Premium
Danya Reinard,700-811-1187,dreinardkn@reverbnation.com,7694,Premium
Angeli Turbayne,446-513-2870,aturbayneko@usgs.gov,5956,Comum
Catrina MacTeague,396-869-3091,cmacteaguekp@discovery.com,12544,Comum
Laurie Radsdale,679-836-8712,lradsdalekq@jimdo.com,3798,Premium
Morry Buggy,861-369-7571,mbuggykr@friendfeed.com,1477,Comum
Ezmeralda Strother,156-173-7398,estrotherks@fema.gov,12522,Comum
Berrie Canfer,153-724-6859,bcanferkt@purevolume.com,412,Premium
Reyna Rickets,288-822-8787,rricketsku@ibm.com,14414,Comum
Becki Nevin,186-244-2832,bnevinkv@mozilla.com,320,Comum
Marcia Gogarty,602-378-0623,mgogartykw@accuweather.com,18871,Comum
Janenna Bode,605-136-7311,jbodekx@disqus.com,5843,Comum
Bartholemy Beadham,237-561-3991,bbeadhamky@timesonline.co.uk,4527,Comum
Emile Hurtado,346-452-9646,ehurtadokz@squidoo.com,819,Comum
Leonard Peck,322-397-5469,lpeckl0@lycos.com,9698,Premium
Kory Hazley,878-312-7619,khazleyl1@csmonitor.com,9109,Comum
Allard Sherreard,257-926-8605,asherreardl2@yolasite.com,217,Comum
Blythe Breckell,977-361-9615,bbreckelll3@simplemachines.org,15702,Comum
Anastassia Henriksson,220-347-5491,ahenrikssonl4@springer.com,793,Comum
Amabelle Boyall,289-511-2505,aboyalll5@youku.com,5501,Comum
Sig Rottery,242-737-2757,srotteryl6@flickr.com,8246,Comum
Maddalena Ferreiro,962-216-7155,mferreirol7@hugedomains.com,7997,Premium
Alleen Doohey,544-193-5116,adooheyl8@goo.gl,19343,Premium
Batholomew Orred,564-746-2999,borredl9@friendfeed.com,3497,Comum
Rayner Brymner,484-433-2373,rbrymnerla@bravesites.com,236,Comum
Rockie Glassopp,540-898-2882,rglassopplb@wiley.com,671,Comum
Wood Ricciardelli,550-306-2231,wricciardellilc@surveymonkey.com,16848,Comum
Jody Mardle,812-690-2429,jmardleld@opera.com,13613,Comum
Walden Augur,158-760-0914,waugurle@yelp.com,13243,Premium
Ivar Brittain,300-279-7232,ibrittainlf@sitemeter.com,13122,Premium
Jorie Cyples,785-137-5208,jcypleslg@nytimes.com,4058,Comum
Junia Burling,487-420-6036,jburlinglh@skyrock.com,16882,Premium
Skip Fulkes,604-641-4772,sfulkesli@ezinearticles.com,18400,Comum
Monti Yanshinov,806-330-3432,myanshinovlj@apple.com,5831,Comum
Fania Kiddy,593-318-4507,fkiddylk@ask.com,12187,Premium
Alma Von Oertzen,756-248-1601,avonll@ehow.com,15951,Comum
Philis Hackford,509-151-2022,phackfordlm@spiegel.de,8579,Premium
Kirstin Southouse,496-567-6975,ksouthouseln@mashable.com,19760,Premium
Nickola Arthars,262-982-5286,nartharslo@dailymail.co.uk,8980,Comum
Orland Doldon,371-743-3601,odoldonlp@ocn.ne.jp,16176,Premium
Pancho Kowalik,708-624-7254,pkowaliklq@discuz.net,14936,Comum
Carter Smallacombe,268-590-4271,csmallacombelr@csmonitor.com,5830,Premium
Row Rollins,814-688-6667,rrollinsls@usa.gov,8902,Premium
Ursola Antoniazzi,907-905-8522,uantoniazzilt@irs.gov,10192,Comum
Rafa Verduin,114-653-0636,rverduinlu@google.nl,9510,Premium
Christophe McAdam,514-335-4332,cmcadamlv@nps.gov,9597,Comum
Danny Engel,118-588-2544,dengellw@nasa.gov,10305,Comum
Christen Theis,647-500-3467,ctheislx@businessweek.com,9981,Comum
Boonie Marie,799-306-8770,bmariely@flavors.me,11704,Premium
Kelci Kimpton,639-777-0812,kkimptonlz@wired.com,19122,Premium
Glen Peirce,857-119-7384,gpeircem0@wufoo.com,7813,Comum
Quint Heys,571-456-2665,qheysm1@pagesperso-orange.fr,18921,Premium
Herold Geering,257-217-7245,hgeeringm2@jiathis.com,2411,Comum
Berkeley Yatman,112-312-8073,byatmanm3@prweb.com,10573,Premium
Dietrich Yuille,615-286-3760,dyuillem4@cyberchimps.com,4489,Premium
Gaylor Barker,719-429-7270,gbarkerm5@studiopress.com,9290,Comum
Burl Faltskog,982-584-6310,bfaltskogm6@umn.edu,10521,Premium
Kevin Gillease,247-678-1042,kgilleasem7@mapquest.com,7242,Premium
Karlyn Halfhyde,506-685-9839,khalfhydem8@meetup.com,19435,Comum
Brinna Fookes,331-866-9810,bfookesm9@sciencedaily.com,12271,Premium
Astra Haensel,224-411-4339,ahaenselma@oaic.gov.au,7749,Premium
Anne Alesi,585-421-1109,aalesimb@mapquest.com,12700,Premium
Christophe Sloegrave,695-130-9418,csloegravemc@statcounter.com,4821,Premium
Kirsti Costa,237-616-8981,kcostamd@berkeley.edu,16915,Comum
Darsey Kruse,124-397-9859,dkruseme@weebly.com,8742,Comum
Kattie Croose,485-188-2398,kcroosemf@mysql.com,10043,Premium
Tedi Hanhart,556-763-6789,thanhartmg@blinklist.com,3305,Comum
Torey MacGlory,889-877-1100,tmacglorymh@themeforest.net,4192,Comum
Sydney Josifovic,353-782-8040,sjosifovicmi@illinois.edu,8444,Comum
Demetre Lantiffe,931-162-0529,dlantiffemj@google.nl,18929,Comum
Ariella Rigg,992-346-5239,ariggmk@cloudflare.com,5754,Premium
Aubry April,651-649-5368,aaprilml@uol.com.br,15586,Premium
Beatriz Valerio,688-580-9228,bvaleriomm@businessweek.com,818,Comum
Tobye Dickman,810-877-5445,tdickmanmn@comcast.net,1041,Premium
Vinny Patrick,122-893-5774,vpatrickmo@vimeo.com,11234,Premium
Mikkel Grigor,148-586-2622,mgrigormp@answers.com,18319,Premium
Eb Pearse,792-516-2284,epearsemq@weather.com,7812,Premium
Bathsheba Hargate,456-371-1128,bhargatemr@moonfruit.com,5592,Premium
Frankie Slowly,265-422-1313,fslowlyms@feedburner.com,848,Comum
Odelle Stiffell,787-479-4454,ostiffellmt@nyu.edu,7611,Comum
Malena Lindsay,293-449-1405,mlindsaymu@tmall.com,4684,Comum
Josiah Cornelleau,832-467-9563,jcornelleaumv@weather.com,14504,Comum
Elfie Coughlan,969-461-5904,ecoughlanmw@naver.com,18235,Comum
Scarlet Deeman,461-881-4223,sdeemanmx@businessinsider.com,10570,Premium
Tiebout Yekel,145-280-1682,tyekelmy@godaddy.com,4910,Premium
Luigi Twining,337-177-7277,ltwiningmz@stumbleupon.com,13515,Premium
Hestia Pridie,498-244-5137,hpridien0@state.tx.us,15218,Comum
Cindee Rastall,456-524-7284,crastalln1@ovh.net,5137,Comum
Lanae Tollemache,789-143-0311,ltollemachen2@geocities.jp,8021,Comum
Davin Stoner,556-872-2182,dstonern3@taobao.com,18555,Premium
Paulie Alesio,592-638-3498,palesion4@jigsy.com,224,Premium
Willamina Flindall,158-301-8563,wflindalln5@usgs.gov,12656,Premium
Davine Ravenshear,806-745-1793,dravenshearn6@imdb.com,4867,Premium
Amalea Plumb,146-941-7457,aplumbn7@archive.org,10286,Comum
Gaby Potzold,113-501-5612,gpotzoldn8@jalbum.net,3629,Premium
Aggy Rivett,476-543-2044,arivettn9@engadget.com,98,Comum
Mauricio Chesters,516-193-5031,mchestersna@dailymotion.com,13218,Premium
Dorita Arnold,660-726-5691,darnoldnb@t-online.de,11312,Comum
Carter Southall,156-410-9771,csouthallnc@archive.org,11560,Premium
Merralee Budcock,649-148-8558,mbudcocknd@biblegateway.com,13120,Comum
Gillan Gilhooley,289-652-4283,ggilhooleyne@parallels.com,11150,Comum
Zora Lindenblatt,146-380-6345,zlindenblattnf@360.cn,13626,Premium
Irvin Mercey,683-443-5502,imerceyng@reverbnation.com,2383,Comum
Fenelia Snowling,880-436-0547,fsnowlingnh@yahoo.com,595,Premium
Derwin Girardet,817-329-8162,dgirardetni@sciencedaily.com,10613,Comum
Zandra Saunders,750-854-0622,zsaundersnj@google.de,19352,Comum
Isadora Jagiello,551-862-7633,ijagiellonk@tumblr.com,12449,Comum
Jessamine How to preserve,969-973-9612,jhownl@usda.gov,12814,Premium
Ewan MacElroy,768-159-6466,emacelroynm@cbc.ca,4612,Premium
Ruperto Rainforth,304-285-4123,rrainforthnn@macromedia.com,12804,Comum
Sloan Jakel,472-102-7060,sjakelno@unesco.org,8382,Premium
Quentin Hacun,357-266-5554,qhacunnp@google.es,6224,Comum
Alfy Vanner,377-609-8178,avannernq@washingtonpost.com,4967,Comum
Cornelle Gilliard,276-991-4206,cgilliardnr@over-blog.com,18822,Comum
Odie Goley,800-301-9132,ogoleyns@telegraph.co.uk,17610,Premium
Corella Fritz,651-412-5280,cfritznt@acquirethisname.com,10191,Comum
Leola Diggins,837-543-2710,ldigginsnu@printfriendly.com,3371,Premium
Davy Knipe,837-708-1084,dknipenv@home.pl,9849,Comum
Gillian Ethridge,215-916-8959,gethridgenw@cisco.com,14657,Comum
Keslie Wonfor,307-415-2759,kwonfornx@live.com,15283,Premium
Gabriela Davitti,302-405-3892,gdavittiny@qq.com,15497,Comum
Imojean Wythe,420-369-4655,iwythenz@booking.com,10611,Premium
Hollie Beentjes,374-490-0826,hbeentjeso0@google.it,12282,Premium
Lari Peyton,464-606-1298,lpeytono1@independent.co.uk,16628,Premium
Salmon Jakeway,980-825-0411,sjakewayo2@army.mil,7381,Comum
Irvine Jellicorse,752-880-0639,ijellicorseo3@umn.edu,6653,Premium
Maggy O'Dyvoie,515-645-9321,modyvoieo4@instagram.com,4796,Comum
Adina Palumbo,636-697-8106,apalumboo5@scribd.com,16362,Premium
Xylia Colston,705-557-0600,xcolstono6@gnu.org,1853,Premium
Bran Torrijos,358-911-8412,btorrijoso7@wikia.com,18985,Premium
Carrol Alsobrook,937-112-6333,calsobrooko8@imdb.com,8401,Premium
Mei Yakobovitz,426-872-4742,myakobovitzo9@ft.com,553,Comum
Marc Chesser,476-898-1053,mchesseroa@cnbc.com,4829,Premium
Jdavie De Vries,933-110-6990,jdeob@plala.or.jp,17807,Comum
Kincaid Ellin,549-920-1028,kellinoc@is.gd,16908,Comum
Ervin Kestin,288-540-9377,ekestinod@umn.edu,11548,Premium
Dunn Stranks,142-656-2649,dstranksoe@java.com,16344,Comum
Velma Brinded,458-101-9707,vbrindedof@over-blog.com,4694,Premium
Merrile Lowy,285-963-8573,mlowyog@ow.ly,4135,Comum
Dorella Proudlock,688-698-3113,dproudlockoh@netlog.com,7416,Premium
Timothea Jeremiah,566-823-8417,tjeremiahoi@linkedin.com,15346,Comum
Marie Corradetti,260-115-3766,mcorradettioj@unicef.org,6704,Premium
Dennis Karys,500-228-3117,dkarysok@reverbnation.com,15669,Premium
Walden Pindar,123-619-7588,wpindarol@google.es,17810,Comum
Kameko Counsell,256-899-9467,kcounsellom@berkeley.edu,10697,Premium
Robbi Edwinson,993-757-0262,redwinsonon@fda.gov,12828,Premium
Serene Menichelli,885-769-3454,smenichellioo@theglobeandmail.com,11869,Comum
Kilian Byer,327-153-2319,kbyerop@google.com,17015,Comum
Donia Bilston,343-538-3715,dbilstonoq@ted.com,16913,Premium
Melony Ruddin,680-395-2707,mruddinor@independent.co.uk,8607,Premium
Kristina Pine,797-268-9615,kpineos@theatlantic.com,2383,Comum
Aveline Rapsey,874-877-0619,arapseyot@google.ru,1499,Comum
Dallas Fleis,912-663-4576,dfleisou@sun.com,10972,Comum
Henderson Shillum,683-177-8315,hshillumov@bizjournals.com,11554,Comum
Sargent Tatersale,424-418-1959,statersaleow@jiathis.com,4288,Comum
Alexandra Riveles,886-147-5085,arivelesox@jiathis.com,7050,Comum
Harland Mutch,267-880-9317,hmutchoy@elegantthemes.com,10321,Premium
Tracy Jolland,346-758-9662,tjollandoz@nyu.edu,6829,Comum
Zechariah Wivell,577-846-3372,zwivellp0@house.gov,18265,Comum
Sophi Daborn,979-302-2434,sdabornp1@purevolume.com,13713,Comum
Esma Brameld,183-236-1898,ebrameldp2@dell.com,16865,Premium
Wendall Jerok,932-780-2795,wjerokp3@unicef.org,2134,Comum
Rickert Sterke,471-467-8627,rsterkep4@ihg.com,4457,Comum
Jennica Mullarkey,868-219-8573,jmullarkeyp5@live.com,6709,Comum
Chip Gutans,674-246-3680,cgutansp6@unc.edu,15235,Comum
Woody Slany,517-284-8719,wslanyp7@diigo.com,12403,Comum
Jan McCrossan,816-877-4105,jmccrossanp8@noaa.gov,17434,Comum
Gale McGeachy,123-392-6034,gmcgeachyp9@google.com.br,17851,Comum
Alina Gorger,198-923-6536,agorgerpa@webeden.co.uk,4790,Premium
Peri Maskrey,354-952-3809,pmaskreypb@usatoday.com,14727,Comum
Monika Logue,380-951-6041,mloguepc@google.cn,11136,Comum
Selestina McCallister,812-605-0714,smccallisterpd@posterous.com,7627,Premium
Glennie Tribbeck,923-100-7211,gtribbeckpe@g.co,8765,Premium
Andi Buxy,811-510-8893,abuxypf@istockphoto.com,14661,Comum
Angelina Hazle,586-296-7763,ahazlepg@newsvine.com,6465,Comum
Joshia Paoli,884-202-9435,jpaoliph@canalblog.com,15016,Comum
Toddie Cabena,747-774-0128,tcabenapi@biglobe.ne.jp,11705,Premium
Patrizius Cruden,736-894-2112,pcrudenpj@arstechnica.com,1677,Premium
Beilul Valdes,807-600-0087,bvaldespk@barnesandnoble.com,2264,Premium
Xylina Tixier,297-329-8227,xtixierpl@reference.com,5603,Comum
Phyllys Mowling,704-969-4316,pmowlingpm@wisc.edu,4619,Premium
Gaile Orcott,231-147-6853,gorcottpn@desdev.cn,18314,Comum
Kora Ander,638-213-6088,kanderpo@indiatimes.com,9755,Premium
Flin Nemchinov,281-557-6335,fnemchinovpp@dmoz.org,2594,Comum
Becki Dubock,358-588-7182,bdubockpq@ft.com,13533,Comum
Shaw Gunston,360-199-9181,sgunstonpr@gnu.org,2732,Comum
Rik Armor,197-755-5693,rarmorps@google.cn,5635,Premium
Leicester Wayland,422-362-0614,lwaylandpt@over-blog.com,18560,Premium
Carolynn Elderfield,817-887-9444,celderfieldpu@mlb.com,7287,Comum
Robb Cassidy,701-625-4627,rcassidypv@wikia.com,11030,Comum
Cordy Gillean,797-287-7869,cgilleanpw@opera.com,17669,Comum
Ario Casazza,102-970-5919,acasazzapx@drupal.org,18857,Premium
Slade Cescon,240-779-8842,scesconpy@gnu.org,15007,Comum
Tanya Blaxill,316-819-6523,tblaxillpz@theatlantic.com,12146,Comum
Gualterio Geikie,322-202-2441,ggeikieq0@alexa.com,1529,Premium
Engelbert McQuie,570-348-6640,emcquieq1@xrea.com,1985,Comum
Clemente Ellam,326-293-6280,cellamq2@theatlantic.com,16271,Comum
Lavinie Papworth,213-745-9590,lpapworthq3@hostgator.com,13930,Comum
Meredith McSperron,678-833-4044,mmcsperronq4@buzzfeed.com,15276,Comum
Sybille Adnam,587-333-2072,sadnamq5@aol.com,18575,Premium
Jessie Polding,185-108-4294,jpoldingq6@devhub.com,3369,Comum
Karly Moffet,338-937-3344,kmoffetq7@java.com,6353,Premium
Ava Denkin,142-932-7246,adenkinq8@npr.org,18669,Comum
Charlotta Alessandrelli,269-264-0189,calessandrelliq9@aboutads.info,10172,Comum
Rozamond Cellier,669-836-9230,rcellierqa@storify.com,7014,Comum
Ashil Ricciardelli,951-699-5701,aricciardelliqb@hhs.gov,8145,Premium
Abner Scheffel,141-288-0227,ascheffelqc@discovery.com,9110,Comum
Clerkclaude Snewin,445-131-7123,csnewinqd@tamu.edu,17553,Comum
Frans Polgreen,419-772-7791,fpolgreenqe@mlb.com,12906,Comum
Pansie Colloff,993-926-9282,pcolloffqf@tripadvisor.com,12499,Premium
Melodee McGooch,415-542-3993,mmcgoochqg@jigsy.com,13572,Comum
Theda Fairweather,530-955-0401,tfairweatherqh@rediff.com,14732,Premium
Goldia Traylen,730-855-9906,gtraylenqi@geocities.jp,16866,Comum
Marcy Bottoms,909-142-0173,mbottomsqj@miitbeian.gov.cn,18142,Premium
Betteann Normadell,535-803-5366,bnormadellqk@dmoz.org,5077,Comum
Chad Drever,880-330-4886,cdreverql@jimdo.com,8870,Comum
Calhoun Folk,888-979-7010,cfolkqm@amazon.co.uk,2296,Premium
Ivy Linnell,466-410-3303,ilinnellqn@nba.com,12197,Premium
Hillier Heinemann,269-255-8418,hheinemannqo@google.nl,14130,Premium
Connor Fattorini,308-644-0974,cfattoriniqp@paginegialle.it,3944,Comum
Kacey Yong,505-470-8750,kyongqq@spiegel.de,4310,Comum
Waverly Oakenfull,849-362-0318,woakenfullqr@usnews.com,6429,Premium
Bo Husband,733-766-4291,bhusbandqs@github.io,13724,Premium
Allie Grennan,916-268-3747,agrennanqt@nbcnews.com,14294,Comum
Garek Royce,197-977-0244,groycequ@craigslist.org,6176,Comum
Jaclin Eversley,940-472-1822,jeversleyqv@tripadvisor.com,4698,Premium
Yolane Cunradi,160-518-2531,ycunradiqw@yellowpages.com,1239,Comum
Amalle Southby,984-864-3208,asouthbyqx@ca.gov,435,Comum
Derrick Boyles,771-498-9882,dboylesqy@delicious.com,11695,Comum
Luce Stevens,907-713-1327,lstevensqz@amazon.com,9369,Premium
Ange Rowcliffe,723-516-1849,arowcliffer0@free.fr,6696,Comum
Franklin Trowsdall,535-537-9480,ftrowsdallr1@alexa.com,16853,Comum
Francklyn Ashburne,765-244-5387,fashburner2@phoca.cz,6492,Comum
Lowell Atheis,157-806-6742,latheisr3@360.cn,17022,Premium
Rori Rarity,324-837-3221,rrarityr4@mediafire.com,6991,Premium
June Witham,392-362-8489,jwithamr5@walmart.com,4574,Comum
Laurene Ballham,929-701-1304,lballhamr6@google.com.br,2462,Premium
Melesa Hartfleet,148-491-2464,mhartfleetr7@wired.com,8832,Comum
Reine Cumpsty,174-618-7152,rcumpstyr8@tripadvisor.com,15053,Comum
Manolo Ewles,316-318-7911,mewlesr9@furl.net,12147,Comum
Donelle Bloom,984-575-0760,dbloomra@whitehouse.gov,11231,Comum
Ethe Swate,653-241-9336,eswaterb@china.com.cn,2194,Comum
Christian Baldacco,952-881-0001,cbaldaccorc@yale.edu,13746,Comum
Jacenta Claughton,657-887-1414,jclaughtonrd@github.io,4226,Comum
Daniel Heinecke,460-982-2432,dheineckere@yelp.com,7656,Premium
Charisse Gianotti,945-159-7342,cgianottirf@imageshack.us,3314,Premium
Grove Dixon,772-183-7048,gdixonrg@engadget.com,5225,Premium
Glynis O'Keevan,728-364-3930,gokeevanrh@webnode.com,15964,Premium
Sheba Sute,429-457-4138,ssuteri@vkontakte.ru,18490,Premium
Doro Winkett,668-499-4506,dwinkettrj@unicef.org,605,Premium
Etty Valintine,380-212-2808,evalintinerk@forbes.com,12043,Comum
Janella Clother,572-949-8841,jclotherrl@house.gov,16759,Premium
Maddy Whitewood,136-513-7431,mwhitewoodrm@adobe.com,16539,Comum
Aloisia Cicetti,858-875-0365,acicettirn@facebook.com,18077,Premium
Alejandra McDell,688-366-4814,amcdellro@instagram.com,19518,Comum
Jodi Drain,731-262-4337,jdrainrp@bloglines.com,10731,Comum
Jud Zecchii,988-525-0789,jzecchiirq@baidu.com,7860,Premium
Hyman Margrem,329-630-1312,hmargremrr@oracle.com,10797,Comum
